category,sub_category,rule_title,rule_description
Booking Rules,Advance Reservation Period,General ARP - 60 Days,"The standard Advance Reservation Period (ARP) for Indian Railways is 60 days excluding the date of journey. Online general reservations open at 08:00 AM IST on the booking opening date. For intermediate stations, the booking date is calculated based on the train's departure from its originating station."
Booking Rules,Advance Reservation Period,Foreign Tourist ARP,"Foreign tourists can book railway tickets up to 365 days in advance of the journey date."
Booking Rules,Advance Reservation Period,Short Distance Trains ARP,"Certain day-time express and short-distance trains may have a shorter advance reservation period of 30 days instead of the standard 60 days."
Booking Rules,Tatkal Booking,Tatkal Booking Window - AC Classes,"Tatkal ticket booking for AC classes (1A, 2A, 3A, CC, 3E) opens at 10:00 AM IST, one day before the journey date. Aadhaar-linked OTP authentication is mandatory for online Tatkal bookings."
Booking Rules,Tatkal Booking,Tatkal Booking Window - Non-AC Classes,"Tatkal ticket booking for non-AC classes (Sleeper, Second Sitting) opens at 11:00 AM IST, one day before the journey date."
Booking Rules,Tatkal Booking,Tatkal Agent Restrictions,"Authorized IRCTC agents are barred from booking Tatkal tickets during the first 30 minutes of the booking window (10:00 AM – 10:30 AM for AC classes; 11:00 AM – 11:30 AM for non-AC classes)."
Booking Rules,Tatkal Booking,Tatkal Refund Policy,"Confirmed Tatkal tickets are non-refundable upon voluntary cancellation by the passenger. However, waitlisted Tatkal tickets that remain waitlisted after chart preparation are eligible for automatic refund as per standard rules."
Booking Rules,Ticket Types,Reserved Tickets,"Reserved tickets are booked in advance and guarantee a specific seat or berth. These can be booked online via IRCTC website/app or at railway PRS (Passenger Reservation System) counters."
Booking Rules,Ticket Types,Unreserved Tickets,"Unreserved tickets are for General (GN) class travel. They can be purchased at station counters, via ATVM (Automatic Ticket Vending Machines), or through the UTS (Unreserved Ticketing System) mobile app. They do not guarantee a specific seat."
Booking Rules,Ticket Types,Platform Tickets,"Platform tickets allow non-travelers to enter railway platforms to see off or receive passengers. They are valid for 2 hours from the time of issue. Cost ranges from Rs.10 to Rs.50 depending on the station. Entering a platform without a ticket is an offense punishable by penalty."
Booking Rules,Quotas,General Quota (GN),"The default quota for most passengers. The largest allocation of seats/berths in any train."
Booking Rules,Quotas,Tatkal Quota (TQ),"Emergency last-minute quota that opens one day before departure. Has additional premium charges over the base fare. Available in most classes except 1A on many trains."
Booking Rules,Quotas,Premium Tatkal Quota (PT),"Similar to Tatkal but with dynamic pricing. Fares increase based on demand. Available on select trains."
Booking Rules,Quotas,Ladies Quota (LD),"A quota reserved exclusively for female passengers traveling alone or with children below 12 years. Available on select trains."
Booking Rules,Quotas,Defence Quota (DF),"Reserved for serving defence personnel. Requires valid defence identity card and authorization."
Booking Rules,Quotas,Foreign Tourist Quota (FT),"A special quota reserved for foreign nationals and NRIs. Bookings can be made up to 365 days in advance. Payment accepted in foreign currency or equivalent."
Booking Rules,Quotas,Senior Citizen / Lower Berth Quota (SS),"A quota for senior citizens (men aged 60+ and women aged 58+) and persons with disabilities. Provides automatic allotment of lower berths subject to availability."
Booking Rules,Quotas,Yuva Quota (YU),"A quota for unemployed youth aged 15-45 years. Available on select trains at discounted rates."
Booking Rules,Quotas,Duty Pass Quota (DP),"Reserved for railway employees traveling on duty. Requires valid duty pass documentation."
Booking Rules,Quotas,Parliament House Quota (PH),"Reserved for Members of Parliament. Requires valid identification as a sitting MP."
Cancellation and Refund,Confirmed Tickets,Cancellation More Than 48 Hours Before Departure,"Flat cancellation charge per passenger applies. AC First/Executive Class: Rs.240, AC 2-Tier: Rs.200, AC 3-Tier/AC Chair Car: Rs.180, Sleeper Class: Rs.120, Second Class: Rs.60. Maximum refund is given."
Cancellation and Refund,Confirmed Tickets,Cancellation 48 to 12 Hours Before Departure,"25% of the total fare is deducted as cancellation charge, subject to the minimum flat cancellation charge applicable for the class."
Cancellation and Refund,Confirmed Tickets,Cancellation 12 to 4 Hours Before Departure,"50% of the total fare is deducted as cancellation charge, subject to the minimum flat cancellation charge applicable for the class."
Cancellation and Refund,Confirmed Tickets,Cancellation Less Than 4 Hours Before Departure,"No refund is admissible for confirmed tickets if not cancelled before 4 hours of scheduled departure. A TDR (Ticket Deposit Receipt) may be filed in exceptional circumstances."
Cancellation and Refund,RAC/Waitlisted Tickets,Auto-Cancellation of Waitlisted E-Tickets,"If an e-ticket remains fully waitlisted after the preparation of the final chart, it is automatically cancelled by the system and a full refund (minus clerkage charge) is processed to the original payment method."
Cancellation and Refund,RAC/Waitlisted Tickets,RAC Ticket Cancellation,"RAC tickets can be cancelled up to 30 minutes before the scheduled departure of the train. Flat cancellation charges apply as per the class of travel."
Cancellation and Refund,Train Cancellation,Full Refund on Train Cancellation,"If Indian Railways cancels a train, all passengers holding valid tickets are entitled to a full refund without any cancellation charges. No TDR filing is required."
Cancellation and Refund,Counter Tickets,Online Cancellation of Counter Tickets,"Counter tickets (booked at PRS counters) can be cancelled online if a valid mobile number was provided at the time of booking. Otherwise, they must be cancelled at a PRS counter within the permitted time limits."
Travel Classes,AC First Class (1A),AC First Class Description,"The most premium and expensive class in Indian Railways. Features private cabins with 2 or 4 berths with lockable doors, providing maximum privacy and comfort. Bedding, meals, and individual charging points are included. Coaches are fully air-conditioned."
Travel Classes,AC 2-Tier (2A),AC 2-Tier Description,"Comfortable overnight AC travel class with open bays. Each bay has 4 berths (2 lower, 2 upper) plus 2 side berths. Each berth has a privacy curtain, reading light, and charging point. Bedding is provided."
Travel Classes,AC 3-Tier (3A),AC 3-Tier Description,"A popular medium-budget AC class. Each bay has 6 berths (2 lower, 2 middle, 2 upper) plus 2 side berths. Air-conditioned with bedding provided. Charging points available."
Travel Classes,AC 3 Economy (3E),AC 3 Economy Description,"Similar to AC 3-Tier but more economical. Each bay has 6 berths plus 2 side berths (middle berth on the side as well, making 9 berths per section in some configurations). Available on newer trains."
Travel Classes,AC Chair Car (CC),AC Chair Car Description,"Air-conditioned seating class primarily used for shorter day journeys. Features comfortable reclining seats arranged in rows. Available on Shatabdi, Jan Shatabdi, and Vande Bharat Express trains."
Travel Classes,Executive Chair Car (EC),Executive Chair Car Description,"Premium seating class with more spacious and comfortable seats than CC. Available on select premium trains like Shatabdi Express and Vande Bharat Express. Includes complimentary meals on some trains."
Travel Classes,Sleeper Class (SL),Sleeper Class Description,"The most common non-AC class for overnight travel. Budget-friendly with 8 berths per bay (same layout as 3A but without air conditioning). No bedding provided. Fans and windows for ventilation."
Travel Classes,Second Sitting (2S),Second Sitting Description,"The most economical reserved seating class. Non-AC with basic seats. Primarily used for short-distance day travel. Available on select trains."
Travel Classes,General / Unreserved (GN),General Class Description,"The most basic and cheapest way to travel on Indian Railways. Tickets are unreserved and do not guarantee a specific seat. Coaches are typically at the front and rear of the train."
Travel Classes,Vistadome AC (EV),Vistadome AC Description,"Air-conditioned glass-roofed coaches offering panoramic views. Available on scenic routes. Features rotatable seats and large observation windows on the roof and sides."
Luggage Rules,Free Allowance,AC First Class Luggage,"AC First Class (1A) passengers are allowed 70 kg of luggage free of charge. Maximum limit with extra charge is 150 kg."
Luggage Rules,Free Allowance,AC 2-Tier / First Class Luggage,"AC 2-Tier (2A) and First Class (FC) passengers are allowed 50 kg of luggage free of charge. Maximum limit with extra charge is 100 kg."
Luggage Rules,Free Allowance,AC 3-Tier / AC Chair Car Luggage,"AC 3-Tier (3A) and AC Chair Car (CC) passengers are allowed 40 kg of luggage free of charge. Maximum limit with extra charge is 40 kg."
Luggage Rules,Free Allowance,Sleeper Class Luggage,"Sleeper Class (SL) passengers are allowed 40 kg of luggage free of charge. Maximum limit with extra charge is 80 kg."
Luggage Rules,Free Allowance,Second Class / General Luggage,"Second Class (2S) and General (GN) passengers are allowed 35 kg of luggage free of charge. Maximum limit with extra charge is 70 kg."
Luggage Rules,Size Restrictions,Maximum Luggage Size,"Trunks, suitcases, and boxes exceeding 100 cm x 60 cm x 25 cm must be booked in the brake van. For AC 3-Tier and AC Chair Car, the size limit is 55 cm x 45 cm x 22.5 cm."
Luggage Rules,Prohibited Items,Prohibited Items in Trains,"Inflammable materials, explosive substances, dangerous articles including gas cylinders, acids, and corrosive substances are strictly prohibited on passenger trains. Carrying such items is a punishable offense under the Railways Act."
Chart Preparation,First Chart,First Reservation Chart,"The first reservation chart is typically prepared 8 to 10 hours before the scheduled departure of the train from its originating station."
Chart Preparation,Early Morning Trains,Chart for Early Trains,"For trains departing early in the morning (before 08:00 AM), the reservation chart is generally prepared the previous night."
Chart Preparation,Second Chart,Second Reservation Chart,"A second reservation chart is prepared 30 minutes to a few hours before the train's departure to allocate unutilized berths, accommodate last-minute changes, and confirm RAC/waitlisted passengers."
RAC and Waitlist,Waitlist Rules,Fully Waitlisted E-Ticket Boarding Ban,"If all passengers on an e-ticket remain in waitlist status after final chart preparation, the ticket is automatically cancelled. Passengers are NOT allowed to board the train with a fully waitlisted e-ticket. Doing so will result in being treated as a ticketless traveler with applicable fine."
RAC and Waitlist,RAC Rules,RAC Ticket Boarding Rules,"RAC (Reservation Against Cancellation) ticket guarantees you can board the train but does not ensure a full berth. You will be allotted a seat to share with another RAC passenger. RAC passengers are upgraded to confirmed berths as cancellations occur."
RAC and Waitlist,Partially Confirmed,Partially Confirmed PNR,"If at least one passenger on the same PNR has a confirmed or RAC status, the entire ticket remains valid and all passengers (including those still on the waitlist) are permitted to board the train."
ID Proof Requirements,Valid ID Proofs,Accepted Identity Documents,"At least one passenger booked on a reserved ticket must carry an original government-issued photo ID during the journey. Valid documents include: Aadhaar Card (including e-Aadhaar/m-Aadhaar), Passport, Voter ID, Driving License, PAN Card, Photo ID issued by Central/State Government, Student ID with photograph, Nationalized Bank Passbook with photograph, Credit Card with laminated photograph, and Photo ID cards issued by PSUs or Municipal bodies."
ID Proof Requirements,Consequence,No ID Proof Penalty,"Failure to produce a valid original ID proof during the journey when asked by the TTE will result in the passenger being treated as traveling without a valid ticket. Applicable fines and penalties will be levied."
Concessions,Senior Citizens,Senior Citizen Concession Status,"Senior citizen concessions (formerly 40% for men aged 60+ and 50% for women aged 58+) were suspended in March 2020 and have not been reinstated as of 2025. However, senior citizens are still eligible for automatic allotment of lower berths subject to availability."
Concessions,Students,Student Concession Rules,"Concessions are available for students participating in tournaments recognized by schools or universities, and for other specific educational purposes. Detailed rules are in the IRCA Coaching Tariff. Requires valid student ID and authorization letter."
Concessions,Freedom Fighters,Freedom Fighter Concession,"Concessions for recognized freedom fighters are governed by official railway policy. Requires specific documentation issued by the Ministry of Home Affairs."
Concessions,Persons with Disabilities,Disability Concession,"Persons with disabilities (blindness, orthopedic disability, mental retardation, deaf-mute) are eligible for 50% to 75% concession depending on the type of disability. Requires disability certificate from a government hospital."
Station Amenities,Waiting Room,Waiting Room Rules,"Waiting rooms are for bona fide passengers with a valid ticket. Access is often restricted by class of travel (AC or non-AC). Passengers may access waiting rooms up to 3 hours before train departure or after arrival. Registration in the waiting room register may be required."
Station Amenities,Retiring Room,Retiring Room Booking Rules,"Only passengers with a confirmed or RAC ticket (valid PNR) can book retiring rooms. Rooms can be booked for a minimum of 3 hours and maximum of 48 hours. Booking is available online via IRCTC website or mobile app. A valid government-issued ID is required at check-in."
Station Amenities,Cloak Room,Cloak Room Rules,"Cloakrooms are available for passengers with a valid journey ticket at the boarding or destination station. Luggage can be stored for a minimum of 3 hours and up to 30 days (varies by station). Luggage must be securely locked and tagged. Always retain the deposit receipt."
Station Amenities,Catering,Food and Catering Rules,"Catering services are managed by IRCTC through onboard pantry cars and static units (food plazas, stalls). Meals must meet FSSAI hygiene standards. Passengers can order food via the e-catering portal (ecatering.irctc.co.in). Complaints can be reported via the 138 helpline or @IRCATERING on Twitter."
Station Amenities,Catering,Vande Bharat Meal Policy,"On Vande Bharat Express and certain premium trains, passengers who have opted for meals are entitled to complimentary food if the train is significantly delayed (2 hours or more)."
Penalties and Fines,Ticketless Travel,Penalty for Ticketless Travel,"Traveling without a valid ticket or with an improper ticket is an offense under the Railways Act, 1989. The penalty includes the fare for the distance traveled plus an additional charge (excess charge) which varies by class."
Penalties and Fines,Unauthorized Boarding,Fine for WL Passengers in Reserved Coaches,"Passengers with waitlisted tickets (both online and offline) are not permitted to board reserved coaches (AC or Sleeper). Fine of Rs.440 for AC coaches and Rs.250 for Sleeper coaches, plus the applicable fare."
Penalties and Fines,Chain Pulling,Penalty for Unauthorized Chain Pulling,"Pulling the alarm chain without valid reason is a punishable offense under Section 141 of the Railways Act. Penalty can include imprisonment up to one year or fine up to Rs.1000 or both."
Penalties and Fines,Smoking,No Smoking Policy,"Smoking is strictly prohibited in all air-conditioned coaches, waiting rooms, and enclosed areas of railway stations. Violation can attract a fine of Rs.200 under the Railways Act."
Railway Department Roles,Station Master (SM),Station Master Responsibilities,"The Station Master is the primary executive in charge of a railway station. They are the only authority permitted to grant Line Clear or authorize a train's departure/arrival. They manage signal clearances and ensure smooth, punctual train movement. They supervise all station staff (porters, pointsmen, etc.) and are responsible for station discipline and cleanliness. They must ensure all signals, points, and station machinery are in proper working order and compliant with the General Rules (G&SR) and Station Working Rules (SWR). They conduct regular inspections of cabins, signals, level crossing gates, and the station yard."
Railway Department Roles,Station Master (SM),Station Master Governing Rules,"Station Masters operate under the General Rules (G&SR) of Indian Railways and specific Station Working Rules (SWR) applicable to their station."
Railway Department Roles,Travelling Ticket Examiner (TTE),TTE Responsibilities,"The TTE is a commercial department official responsible for: Verifying that all passengers hold valid tickets and travel in their designated berths/seats. Issuing Excess Fare Tickets (EFTs) and collecting fines from ticketless or improperly ticketed travelers. Allocating vacant berths to RAC and waitlisted passengers. Addressing passenger complaints regarding amenities. Maintaining records of passengers and earnings. Ensuring decorum, cleanliness, and adherence to train rules (such as locking vestibule doors at night for safety). Reporting daily activities to the Station Master or Control Office."
Railway Department Roles,Travelling Ticket Examiner (TTE),TTE Governing Rules,"TTEs follow the commercial duty lists issued by the Railway Board, which are subject to periodic updates."
Railway Department Roles,Railway Protection Force (RPF),RPF Responsibilities,"The RPF is an armed force of the Union tasked with: Protecting railway property from theft or vandalism. Ensuring passenger safety by escorting trains, patrolling platforms, and maintaining law and order. Investigating and prosecuting offenders under the Railways Act (1989) and the Railway Property (Unlawful Possession) Act (1966). Preventing human trafficking (especially of women and children). Providing aid to vulnerable individuals found on railway premises."
Railway Department Roles,Railway Protection Force (RPF),RPF Legal Authority,"The RPF has legal authority to arrest, investigate, and prosecute offenders. They operate under the RPF Act, 1957, and are empowered to enforce security and safety regulations across the entire railway jurisdiction."
Railway Department Roles,Government Railway Police (GRP),GRP vs RPF,"The Government Railway Police (GRP) is a state police force that handles criminal matters on railway premises. Unlike the RPF which protects railway property, the GRP deals with crimes against passengers such as theft, robbery, assault, and murder. Both work in coordination for overall railway security."
Railway Department Roles,Guard,Train Guard Responsibilities,"The Guard is in charge of the train during its journey. Responsible for ensuring the safe running of the train, maintaining the train's schedule, managing emergencies en route, checking brakes, coordinating with the driver and station masters, and maintaining the train journal. The Guard gives the all-clear signal for the train to depart."
Railway Department Roles,Loco Pilot (Driver),Loco Pilot Responsibilities,"The Loco Pilot (Train Driver) operates the locomotive. Responsible for driving the train safely at prescribed speeds, observing all signals, maintaining alertness, checking locomotive condition before departure, reporting any mechanical issues, and following speed restrictions in curves, bridges, and construction zones. Must pass periodic medical and competency tests."
Railway Department Roles,Track Maintainer (Gangman),Track Maintainer Responsibilities,"Track Maintainers (formerly called Gangmen) are responsible for the inspection, maintenance, and repair of railway tracks. They patrol assigned track sections daily, check for rail fractures, loose fittings, alignment issues, and ensure drainage. They report any unsafe conditions to the section engineer."
Railway Zones,Zone Information,Indian Railway Zones,"Indian Railways is divided into 18 zones: Central Railway (CR), East Central Railway (ECR), East Coast Railway (ECoR), Eastern Railway (ER), Metro Railway Kolkata, North Central Railway (NCR), North Eastern Railway (NER), North Western Railway (NWR), Northeast Frontier Railway (NFR), Northern Railway (NR), South Central Railway (SCR), South East Central Railway (SECR), South Eastern Railway (SER), South Western Railway (SWR), Southern Railway (SR), West Central Railway (WCR), Western Railway (WR), and Konkan Railway (KR)."
Railway Zones,Headquarters,Zone Headquarters,"Each railway zone has its own headquarters: CR-Mumbai, ECR-Hajipur, ECoR-Bhubaneswar, ER-Kolkata, NCR-Prayagraj, NER-Gorakhpur, NWR-Jaipur, NFR-Maligaon/Guwahati, NR-New Delhi, SCR-Secunderabad, SECR-Bilaspur, SER-Kolkata, SWR-Hubli, SR-Chennai, WCR-Jabalpur, WR-Mumbai."
General Rules,Boarding,Boarding and Alighting Rules,"Passengers must board and alight from trains only when the train is at a complete standstill and at the platform side. Attempting to board or alight from a moving train is dangerous and a punishable offense under the Railways Act."
General Rules,Emergency,Emergency Helpline Numbers,"Railway emergency helpline: 139 (for security, medical emergency, cleanliness, or any other complaints). Rail Madad portal and app for registering complaints. Women helpline on trains: 182. RPF helpline: 1800-111-322 (toll-free)."
General Rules,Children,Children Ticket Rules,"Children below 5 years of age travel free on Indian Railways without a separate berth or seat. Children aged 5-12 years are charged approximately half the adult fare and are allotted a seat/berth. Children above 12 years are charged full fare."
General Rules,Pets,Pet Travel Rules,"Pets (dogs/cats) can be carried in First AC (1A) or First Class (FC) by booking the entire cabin/coupe. Small pets may be carried in baskets in some coaches with prior permission. Booking is facilitated through the Indian Railways parcel website. Guide dogs for visually impaired passengers are allowed in all classes."
Cancellation and Refund,Clerkage Charges,Confirmed Ticket Clerkage Charges by Class,"Clerkage (flat cancellation) charges per passenger for confirmed tickets: 1A/EC: Rs.240, 2A: Rs.200, 3A: Rs.180, CC: Rs.180, FC: Rs.200, SL: Rs.120, 2S: Rs.60. GST is additionally applicable for AC classes."
Cancellation and Refund,Clerkage Charges,RAC and WL Ticket Clerkage Charges,"Clerkage charges per passenger for RAC and Waitlisted tickets are a flat Rs.60 for all classes (1A/EC, 2A, 3A, CC, FC, SL, 2S)."
Cancellation and Refund,Cancellation Timeline,Cancel 48+ Hours Before Departure,"If a confirmed ticket is cancelled more than 48 hours before the scheduled departure of the train, the passenger receives a full refund minus the flat clerkage charges applicable for the class."
Cancellation and Refund,Cancellation Timeline,Cancel 12 to 48 Hours Before Departure,"If a confirmed ticket is cancelled between 12 hours and 48 hours before departure, 25% of the base fare or the clerkage charges (whichever is higher) is deducted from the refund."
Cancellation and Refund,Cancellation Timeline,Cancel 4 to 12 Hours Before Departure,"If a confirmed ticket is cancelled between 4 hours and 12 hours before departure, 50% of the base fare or the clerkage charges (whichever is higher) is deducted from the refund."
Cancellation and Refund,Cancellation Timeline,Cancel After Charting - No Refund,"If a confirmed ticket is not cancelled before chart preparation, no refund is admissible. For trains with early morning departure, charting is done 6 to 8 hours before departure."
Cancellation and Refund,Special Refund Cases,Train Cancelled - Auto Full Refund,"If Indian Railways cancels a train, all passengers automatically receive a full refund without any deduction. No TDR or manual action required."
Cancellation and Refund,Special Refund Cases,Train Late More Than 3 Hours,"If a train is running late by more than 3 hours, passengers can file a TDR (Ticket Deposit Receipt) before the departure of the train from charting station for a full refund."
Cancellation and Refund,Special Refund Cases,AC Not Working Refund,"If the AC system in a coach is not functioning, passengers are entitled to a refund of the difference in fare between the AC class and the corresponding non-AC class."
Cancellation and Refund,Special Refund Cases,Train Diverted Refund,"If a train is diverted from its original route and the passenger's destination is not covered, the passenger can file a TDR within 72 hours for a full refund."
Cancellation and Refund,Special Refund Cases,Seat Given in Lower Class Refund,"If a passenger holding a higher class ticket is accommodated in a lower class, they are entitled to a refund of the difference in fare between the two classes."
Cancellation and Refund,Special Refund Cases,Seat Not Provided - Full Refund,"If a seat or berth is not provided to a passenger despite having a confirmed ticket, the passenger is entitled to a full refund."
Cancellation and Refund,TDR,TDR Filing Rules,"TDR (Ticket Deposit Receipt) is filed online through the IRCTC website or app when the normal cancellation window has passed. The e-ticket TDR refund process takes at least 90 days. For PRS counter tickets, TDR can be filed at the station and refund is processed to the counter of origin."
Cancellation and Refund,Not Cancelled Before Departure,Cancel 30 Min Before Departure - Uncharted,"If a ticket is not cancelled but the passenger does not travel, and cancellation is done up to 30 minutes before the train's departure (before charting), a full refund less clerkage charges is given."
PNR Status,GNWL,General Waiting List (GNWL),"GNWL (General Waiting List) is issued when you book from the train's starting station or a major station near the origin. This is the most common type and has the highest priority for confirmation among all waiting list types."
PNR Status,RLWL,Remote Location Waiting List (RLWL),"RLWL (Remote Location Waiting List) is issued for intermediate stations that are important stops along the route. These stations have a smaller fixed quota of seats, so confirmation chances are lower than GNWL."
PNR Status,PQWL,Pooled Quota Waiting List (PQWL),"PQWL (Pooled Quota Waiting List) is issued for passengers traveling between intermediate stations (often shorter distances). It has a very limited pool of seats and lower confirmation chances compared to GNWL."
PNR Status,TQWL,Tatkal Waiting List (TQWL),"TQWL (Tatkal Waiting List) is issued when booking under the Tatkal quota. It has the lowest priority for confirmation. If not confirmed by chart preparation, the ticket is automatically cancelled and refunded."
PNR Status,RSWL,Roadside Station Waiting List (RSWL),"RSWL (Roadside Station Waiting List) is issued for journeys from the originating station to a roadside station or between small intermediate stations. It has very low confirmation chances as it relies on small specific quotas."
PNR Status,Confirmation Priority,Waitlist Confirmation Priority Order,"The order of priority for waitlist confirmation is: GNWL (highest) > RLWL (moderate) > PQWL (low) > TQWL (very low) > RSWL (lowest). RAC has higher priority than any waiting list type."
PNR Status,Charting Effect,Effect of Charting on Waitlist,"After the final reservation chart is prepared, any remaining waitlisted e-tickets are automatically cancelled and refunded. Passengers cannot board the train with a fully waitlisted e-ticket. However, if at least one passenger on the same PNR has confirmed or RAC status, all passengers on that PNR can board."
Missed Train Rules,Confirmed Ticket,Missed Train with Confirmed Ticket,"If you miss your train with a confirmed ticket, there is no automatic refund. You must file a TDR (Ticket Deposit Receipt) online through the IRCTC website or app. Filing a TDR does not guarantee a refund — Indian Railways reviews each request. You cannot use the existing ticket to board another train; a new ticket must be purchased."
Missed Train Rules,RAC Ticket,Missed Train with RAC Ticket,"If you miss your train with an RAC ticket, similar rules apply as confirmed tickets. You must file a TDR. The chances of refund approval may depend on the specific circumstances of the case."
Missed Train Rules,WL Ticket,Missed Train with WL Ticket,"If your ticket is still waitlisted and you miss the train, the e-ticket would have been auto-cancelled after charting anyway. The refund is processed automatically minus clerkage charges."
Missed Train Rules,Connecting Train,Missed Connecting Train Due to Delay,"If you have a single PNR for a connecting journey and you miss the second connecting train because the first train was late, you may be eligible for a refund for the untraveled portion. Surrender your ticket at the station or file a TDR."
Train Fare Types,General Fare,Standard Railway Fare,"Standard fixed fare applies to most Mail/Express trains. The fare is calculated based on distance, class of travel, and train type. Fare includes base fare plus reservation charge, superfast charge (if applicable), and GST for AC classes."
Train Fare Types,Tatkal Fare,Tatkal Extra Charges,"Tatkal tickets carry additional premium charges over the base fare. The tatkal charges are a fixed percentage of the base fare: AC classes: 10% to 30% of base fare (minimum Rs.90, maximum Rs.500). Sleeper: 10% to 30% (minimum Rs.90, maximum Rs.200)."
Train Fare Types,Premium Tatkal,Premium Tatkal Dynamic Pricing,"Premium Tatkal uses dynamic pricing where fares increase based on demand. Only available through IRCTC website/app (not agents or counters). Only confirmed tickets are issued — no RAC or waitlist. Generally non-refundable."
Train Fare Types,Dynamic Fare,Flexi/Dynamic Fare System,"Dynamic/Flexi fare applies to premium trains like Rajdhani, Shatabdi, Duronto, Vande Bharat, and Tejas. The base fare increases by 10% incrementally as seats are sold, up to a predetermined ceiling (typically 1.5x the base fare). Sleeper class and lower classes are exempted from dynamic pricing."
Train Fare Types,Suvidha Trains,Suvidha Train Fare Rules,"Suvidha trains are special trains with market-linked dynamic pricing. Fares start at a higher base and increase with demand. Available only during festival/peak seasons. No concessions or passes are accepted."
Train Fare Types,Suburban Fare,Suburban Fare Rules,"Suburban trains (local trains) operate on a separate fare structure with nominal pricing. Season tickets (monthly/quarterly passes) are available at heavily discounted rates. No fare increase was applied to suburban services in the 2025 fare rationalization."
Ticket Booking Types,General Reservation,General Reservation Process,"General reservation tickets can be booked up to 60 days in advance online via IRCTC or at PRS counters. Online booking opens at 08:00 AM IST. Counter booking hours vary by station. Multiple passengers can be booked on a single PNR (up to 6 passengers per PNR for online booking)."
Ticket Booking Types,Ladies Reservation,Ladies Quota Booking Rules,"Ladies Quota (LD) berths are earmarked in Sleeper Class (SL) and Second Sitting (2S) coaches on many long-distance Mail/Express trains. Available for women of all ages traveling alone or with children. Male family members can travel in the same coach if booked together on the same PNR."
Ticket Booking Types,Senior Citizen Reservation,Senior Citizen Booking Rules,"Senior citizens (men 60+ and women 58+) can book under the Senior Citizen/Lower Berth quota (SS). This provides automatic allotment of lower berths subject to availability. The former fare concession (40% for men, 50% for women) was suspended in March 2020 and has not been reinstated as of 2026."
Ticket Booking Types,Student Reservation,Student Concession Booking,"Students can avail fare concessions for travel between hometown and place of education (during vacations), attending government-organized camps/seminars, and appearing in competitive exams (UPSC, SSC). Requires bonafide certificate from recognized institution. Applicable for students up to age 25. Must be processed at PRS counters."
Ticket Booking Types,Foreign Tourist,Foreign Tourist Ticket Booking,"Foreign tourists and NRIs with valid passports can book under Foreign Tourist Quota (FTQ). Booking available up to 365 days in advance. Passport number and nationality required at booking. Original passport and valid visa must be carried during journey. Failure to produce documents attracts penalty equivalent to 3x the fare. Payment accepted via international debit/credit cards."
Ticket Booking Types,Boarding Point Change,Boarding Point Change Rules,"Passengers with confirmed or RAC tickets can change their boarding station up to 30 minutes before the scheduled departure. Can be done online (IRCTC) or at PRS counters. Change allowed only once. Not available for VIKALP, current booking, or I-Tickets. Once changed, original boarding point right is forfeited."
Ticket Booking Types,Circular Ticket,Circular Journey Ticket Rules,"Circular journey tickets allow a passenger to travel on a round trip visiting multiple stations. The ticket is issued at PRS counters for a planned itinerary. Valid for the specified route only. Break of journey is allowed at intermediate stations as per the itinerary."
Ticket Booking Types,UTS,Unreserved Ticketing System Rules,"UTS mobile app allows booking of unreserved (general class) tickets. Tickets can also be purchased at station counters or via ATVM machines. Important: Booking via UTS app inside railway station premises is not permitted — tickets must be purchased before entering the station area."
Ticket Booking Types,Money Paid Ticket Not Booked,Payment Deducted But Ticket Not Booked,"If money is deducted from your account but the ticket is not booked, the amount is automatically refunded to the source account within 5-7 working days. If not refunded, file a complaint through the IRCTC customer care or RailMadad portal. Do not attempt to rebook immediately as this may result in double deduction."
While on Train,Running Status,Check Train Running Status,"Passengers can check live train running status through: NTES (National Train Enquiry System) at enquiry.indianrail.gov.in, erail.in, the RailOne app, or by calling the 139 helpline. SMS-based enquiry is also available by sending SPOT <train_number> to 139."
While on Train,Coach Cleaning,Coach Cleaning Request Process,"Passengers can request coach cleaning by sending SMS to 58888 with format: CLEAN <10-digit PNR>. Can also be raised through the RailMadad app or portal. Request is forwarded to On Board Housekeeping Service (OBHS) staff for immediate action."
While on Train,Complaint to TTE,How to Complain to TTE,"If facing issues during the journey (unauthorized occupants, berth disputes, cleanliness, missing amenities), approach the TTE (Travelling Ticket Examiner) of your coach. If the TTE is unresponsive, note their name/badge number and file a complaint through RailMadad app or call 139."
While on Train,Complaint Via Twitter,Social Media Complaint Process,"Passengers can tweet complaints to @RailMinIndia or @RailwaySeva on Twitter/X for quick response. Include PNR number, coach number, and train details. For food-related complaints, tag @IRCATERING. Response time is typically within 30-60 minutes during working hours."
While on Train,Medical Emergency,Medical Emergency on Train,"For medical emergencies on train, dial 138 (medical helpline) or 139 (general helpline). Inform the TTE or any onboard staff immediately. Staff can access the Doctor Onboard list, provide first aid from the medical box, or coordinate with the next station to arrange a medical team or ambulance."
While on Train,Safety,Safety Rules While Traveling,"Do not travel on footboard or roof of trains. Do not lean out of windows or doors. Keep luggage under your seat or on designated racks. Lock your bags securely, especially at night. Do not accept food or drinks from strangers. Do not pull the alarm chain without valid reason."
While on Train,Order Food,Ordering Food on Train,"Food can be ordered on train through: IRCTC e-catering portal (ecatering.irctc.co.in), the RailOne app, or by calling 1323. Delivery is available at select stations on the route. Menu and pricing are displayed on the e-catering portal. Payment can be made online or cash on delivery."
Complaint Procedures,RailMadad,RailMadad Complaint Portal,"RailMadad (railmadad.indianrailways.gov.in) is the primary centralized grievance redressal portal for all train and station-related issues. Available as website and mobile app. Requires PNR or UTS number to register. Complaints are tracked with a unique ID and escalated automatically if unresolved."
Complaint Procedures,Helpline 139,Railway Helpline 139,"139 is a 24x7 centralized helpline for: security concerns, medical emergencies, cleanliness issues, general complaints, and train enquiries. Available in multiple languages. Integrated with RailMadad for complaint tracking."
Complaint Procedures,SMS Complaint,SMS Based Complaints,"Complaints can be sent via SMS to 9717630982. Include PNR/UTS number and brief description. Also used for CLEAN requests (SMS CLEAN <PNR> to 58888) and train enquiry."
Complaint Procedures,RPF/GRP Complaint,RPF and GRP Complaint Process,"For security issues: RPF handles railway property protection and passenger safety. GRP (Government Railway Police) handles criminal matters (theft, robbery, assault). RPF helpline: 182. For theft on train, contact TTE/Guard/RPF on board. FIR forms are available with onboard staff — fill and hand back, no need to break journey."
Complaint Procedures,Theft on Train,Theft Reporting on Train,"If theft occurs on train: immediately inform the TTE, Guard, or RPF personnel on board. On-board staff carry FIR forms — fill one out and hand it back. No need to break your journey to file an FIR. Call RPF helpline 182 or general helpline 139. File formal complaint through RailMadad portal."
Complaint Procedures,Lost Ticket,Lost Ticket Procedure,"If paper ticket is lost: Before charting — get duplicate ticket from PRS counter by paying small clerkage fee. After charting — pay 50% of fare for duplicate ticket. E-tickets can be shown from the IRCTC app. No refund is provided for lost tickets but duplicate allows journey completion. Report loss immediately to prevent fraudulent use."
Complaint Procedures,CPGRAMS,CPGRAMS Integration,"CPGRAMS (Centralized Public Grievance Redress and Monitoring System) at pgportal.gov.in handles broader public grievances. For specific train/station issues, RailMadad is recommended for faster resolution. CPGRAMS is suitable for policy-level or systemic complaints."
Railway Staff Roles,Coach Attendant,Coach Attendant Duties,"Coach Attendant must report 30-60 minutes before departure. Ensures all internal fittings (lights, fans, reading lamps, charging sockets, water supply) are operational. Pre-cools AC coaches and ensures bedrolls availability. Carries passenger list and assists with berth queries. Coordinates cleaning with safaiwalas. Monitors AC plant parameters every 2 hours. Attends to minor electrical/mechanical issues."
Railway Staff Roles,Train Superintendent,Train Superintendent / Train Captain Role,"The Train Superintendent (Train Captain) is the overall in-charge of onboard services on premium and long-distance trains. All personnel (TTEs, coach attendants, catering staff, OBHS housekeeping) report to the Train Captain. Responsible for service quality, addressing passenger complaints, ensuring staff are in proper uniform with name badges. Prepares trip report at end of journey. Primary point of contact during emergencies."
Railway Staff Roles,Catering Staff,Onboard Catering Staff Rules,"Catering services managed by IRCTC through pantry cars and static units. Staff must display printed menu cards with prices. IRCTC supervisors monitor food safety and hygiene. Must follow FSSAI standards. Passengers can report catering issues via 138 helpline or @IRCATERING on Twitter."
Railway Staff Roles,OBHS Staff,Onboard Housekeeping Service Rules,"OBHS (Onboard Housekeeping Services) staff handle continuous cleaning of cabins, toilets, and washbasins during the journey. Coordinated with CTS (Clean Train Station) scheme. Real-time monitoring is implemented for service quality. Passengers can request cleaning via SMS 58888 or RailMadad app."
Reservation Quotas,General Quota Details,General Quota Detailed Rules,"General Quota (GN) is the largest allocation in any train. Booking opens 60 days in advance at 08:00 AM for online and at counter opening hours for PRS. No additional charges over base fare. Available for all classes. Can result in GNWL if seats are full."
Reservation Quotas,Lower Berth Quota,Lower Berth Quota Rules,"Lower berth quota is for: Senior citizens (men 60+ and women 58+), persons with disabilities, and pregnant women. Automatic allotment of lower berths subject to availability. Can be requested at time of booking. If lower berth not available, regular berth is allotted."
Reservation Quotas,Handicapped Quota,Handicapped/PwD Quota Rules,"Persons with Disabilities (PwD) can book under the Handicapped Quota with valid disability certificate from government hospital. Fare concession of 50-75% depending on disability type. Escort allowed to travel at same concession rate. Both lower berth preference and wheelchair assistance available."
Information Services,eRail.in,eRail.in Services,"eRail.in is a popular third-party Indian Railways enquiry platform providing: PNR status check, live train running status, train schedule and route, seat availability, fare enquiry, train statistics, and coach composition. Free to use. Available in English and Hindi."
Information Services,SMS Enquiry,SMS Based Railway Enquiry,"Railway information available via SMS: Send SPOT <train_no> to 139 for running status. PNR status: Send PNR <10-digit PNR> to 139. Seat availability: Call 139 and follow voice prompts. Available 24x7."
Information Services,Coach Layout,Coach Layout Information,"Coach layout and composition details available on erail.in and the NTES app. Shows berth numbers, door positions, and class arrangement. Useful for planning boarding position on platform. Layout varies by train type (Rajdhani, Shatabdi, Mail/Express, Vande Bharat)."
Train Types,Rajdhani Express,Rajdhani Express Rules,"Rajdhani Express trains connect major cities to New Delhi. Fully air-conditioned. Dynamic (flexi) fare applies. Meals are included in the ticket price. Premium service with priority for punctuality. Available classes: 1A, 2A, 3A. All stops are limited for faster journey."
Train Types,Shatabdi Express,Shatabdi Express Rules,"Shatabdi Express trains are day-travel premium trains connecting cities within 500-700 km distance. Only chair car classes (CC and EC). Return journey the same day. Dynamic fare applies. Meals included. No overnight travel."
Train Types,Vande Bharat Express,Vande Bharat Express Rules,"Vande Bharat Express is India's premium semi-high-speed train. Maximum speed of 160 kmph. Available classes: CC (Chair Car) and EC (Executive Chair Car). Dynamic fare applies. Complimentary meals included. If delayed by 2+ hours, additional complimentary meals provided. Automatic doors, bio-vacuum toilets, and WiFi onboard."
Train Types,Duronto Express,Duronto Express Rules,"Duronto Express trains are non-stop (zero halt) trains between major cities. Available in AC classes (1A, 2A, 3A) and Sleeper. Dynamic fare applies for AC classes. Meals included for AC passengers. One of the fastest train categories on the network."
Train Types,Garib Rath Express,Garib Rath Express Rules,"Garib Rath Express offers AC 3-Tier travel at significantly reduced fares compared to Rajdhani/Shatabdi. Designed for budget-conscious AC travelers. No bedding provided. Limited stops for faster journey. Available classes: 3A only."
Train Types,Jan Shatabdi Express,Jan Shatabdi Express Rules,"Jan Shatabdi Express is an economical version of Shatabdi Express. Day travel inter-city service. Available in both AC (CC) and non-AC (2S) classes. Meals not included in ticket price but available for purchase. Fixed fare (no dynamic pricing)."
Train Types,Passenger/Local,Passenger and Local Train Rules,"Passenger trains stop at all stations on the route. Slowest category. General unreserved tickets. No reservation required. Monthly/quarterly season tickets available. Fare is the cheapest among all train types."
Foreign Tourist Rules,Safety Tips,Safety Guidelines for Foreign Tourists,"Foreign tourists should: carry original passport and visa at all times during train travel. Use the Foreign Tourist Quota for easier booking. Keep valuables secure and use chain-locks for bags. Avoid traveling in general/unreserved class on long routes. Pre-book meals through e-catering. Download IRCTC and RailOne apps for live updates."
Foreign Tourist Rules,Women Traveller,Women Traveller Safety,"Women travelers can book under Ladies Quota for Sleeper/2S classes. Ladies-only coaches available on suburban trains. RPF women helpline: 182. Avoid general compartments on long-distance trains at night. Emergency alarm chain available in all coaches. Many stations have women-only waiting rooms."
Foreign Tourist Rules,Tourist Information,Railway Tourist Information Centers,"Tourist information centers are available at major railway stations. Provide information about train services, local tourism, hotel booking, and guided tours. Many stations have special tourist assistance counters. Pre-paid taxi services available at most major stations."
Travel Agent Rules,Agent Registration,IRCTC Agent Registration,"Travel agents must register through IRCTC's authorized agent portal. Agents are barred from booking Tatkal tickets during the first 30 minutes of the booking window. Agents must display their valid license at their booking counter. Commission structure varies by class and ticket type."
Travel Agent Rules,Agent Booking Limit,Agent Booking Restrictions,"IRCTC agents have specific booking limits per day. Only one Tatkal ticket per IRCTC user ID in first 30 minutes of booking window. Agents must verify passenger identity for certain quota bookings. Unauthorized bulk booking or use of scripts/bots results in permanent ban."
Penalties and Fines,Ticketless Travel,Revised Penalty for Ticketless Travel (2026),"Under the Jan Vishwas (Amendment of Provisions) Act 2026 effective from June 20 2026, the minimum penalty for ticketless travel is Rs.500 plus the applicable fare and excess charges. Repeat offenders face higher fines. Fines are subject to a 10% increase every three years."
Penalties and Fines,Travelling on Another Ticket,Penalty for Using Another Person's Ticket,"Travelling on another person's ticket attracts a penalty of Rs.500 plus forfeiture of the ticket. Both the original ticket holder and the person using the ticket may face action."
Penalties and Fines,Smoking,Revised Smoking Penalty (2026),"Smoking in trains or railway premises now attracts a penalty of Rs.2000 (increased from Rs.200) under the revised 2026 penalty framework. Applies to all enclosed areas including AC coaches, waiting rooms, platforms, and station buildings."
Penalties and Fines,Unauthorized Hawking,Penalty for Unauthorized Hawking/Begging,"Unauthorized hawking or begging on trains and railway premises attracts a fine of Rs.2000. Persistent offenders may face imprisonment of up to one year."
Penalties and Fines,Nuisance and Drunkenness,Penalty for Nuisance/Drunkenness/Abusive Language,"Creating nuisance, abusive language, or drunkenness on trains or railway premises: Rs.1000 for first offence and up to Rs.5000 for repeat offenders. May also result in imprisonment."
Penalties and Fines,Trespassing,Penalty for Unauthorized Entry/Trespassing,"Unauthorized entry or trespassing on railway tracks, bridges, or restricted railway premises attracts a penalty of Rs.500. Railway property damage leads to additional charges under the Railway Property (Unlawful Possession) Act."
Penalties and Fines,Men in Ladies Coach,Penalty for Men in Women's Reserved Coach,"Male passengers found travelling in coaches or compartments reserved for women face a penalty of Rs.2500 under the 2026 revised penalty framework. This includes ladies-only coaches in suburban/local trains and ladies quota berths in long-distance trains."
Penalties and Fines,Dangerous Goods,Penalty for Carrying Dangerous/Prohibited Goods,"Carrying dangerous or prohibited goods (explosives, inflammable materials, corrosive substances, gas cylinders, acids) on passenger trains attracts a minimum penalty of Rs.10000. The goods are confiscated and the passenger may face criminal prosecution."
Penalties and Fines,Obstructing Staff,Penalty for Obstructing Railway Staff,"Obstructing or assaulting railway staff on duty attracts a penalty of Rs.2500. This includes TTE, RPF, Station Master, Guard, and any other railway employee performing their duties."
Penalties and Fines,General Disobedience,General Disobedience of Railway Rules,"General disobedience of railway rules (Section 166 of Railways Act) attracts Rs.2000 for first offence and Rs.5000 for repeat violations under the 2026 amendment."
Penalties and Fines,Penalty Collection,On-the-Spot Penalty Collection Rules,"Railway penalties are generally collected on the spot by authorized railway staff (TTE, RPF). A receipt must be provided to the passenger. Failure to pay the penalty can result in the matter being referred to a competent court for further legal action."
Women and Solo Travellers,Ladies Coach,Ladies Coach and Compartment Rules,"Many local, suburban, and passenger trains feature dedicated coaches exclusively for women. Male passengers travelling in these coaches face a penalty of Rs.2500. In long-distance trains, specific berths are earmarked under the Ladies Quota in Sleeper and Second Sitting classes."
Women and Solo Travellers,Ladies Berth Allocation,Ladies Quota Berth Allocation Details,"In Sleeper Class, typically 6 berths per train are earmarked for women under Ladies Quota. In AC coaches (2A/3A), a combined quota with senior citizens provides 2-4 lower berths per coach. Women travelling with male children under 12 can also be accommodated under this quota."
Women and Solo Travellers,Meri Saheli Initiative,RPF Meri Saheli Initiative,"Meri Saheli is a pan-India initiative by the Railway Protection Force (RPF) focused on safety and security of female passengers travelling alone. RPF personnel escort solo women travellers covering their journey from originating station to destination. Women can request Meri Saheli assistance through the 182 helpline or RPF personnel at the station."
Women and Solo Travellers,Women Helpline,Women Safety Helpline Numbers,"Women's safety helplines: 182 (dedicated RPF women's helpline, toll-free, 24x7), 139 (general railway helpline for all security assistance), 138 (non-emergency issues). Women can also tweet @RPaborad or @RailMinIndia for help."
Women and Solo Travellers,Solo Travel Safety Tips,Safety Tips for Solo Women Travellers,"Book tickets in advance via IRCTC. Opt for upper berths for privacy and security. Plan journeys to arrive during daylight hours. Share travel details and live location with family or friends. Be cautious about sharing personal information with strangers. Carry safety tools like pepper spray for emergencies. Seek help from TTE or RPF if uncomfortable."
Women and Solo Travellers,Night Safety,Women Safety During Night Travel,"During night travel: ensure vestibule doors are locked (TTE responsibility). Use the curtains provided on berths. Keep phone charged and within reach. Emergency alarm chain is available in all coaches. Do not accept food or drinks from strangers. Report any suspicious activity to TTE or RPF immediately."
UTS and SMS Ticketing,UTS Mobile App,UTS Mobile App Detailed Rules,"UTS (Unreserved Ticketing System) on Mobile app is the official platform for booking unreserved, platform, and season tickets. Registration requires mobile number and personal details. Two booking modes: Paperless (GPS-enabled, ticket on phone) and Paper (receive Booking ID, print at ATVM/counter). Booking via UTS inside station premises is NOT permitted."
UTS and SMS Ticketing,Paperless Ticket,UTS Paperless Ticket Rules,"Paperless tickets booked via UTS app: GPS must be enabled and you must be outside station premises/tracks to book. Journey must commence within 1 hour of booking. No printout needed — show ticket on phone to checking staff. If phone battery dies and ticket cannot be shown, treated as travelling without ticket."
UTS and SMS Ticketing,Paper Ticket via App,UTS Paper Ticket via App,"Paper tickets booked via UTS app: receive a Booking ID in the app. Must visit source station and print ticket from ATVM (Automatic Ticket Vending Machine) or counter before boarding. Cannot board train without printed ticket."
UTS and SMS Ticketing,SMS Enquiry Services,SMS Based Railway Services (Not Booking),"SMS services are for ENQUIRY only — cannot book tickets via SMS. Available services: Send SPOT <train_no> to 139 for running status. Send PNR <10-digit number> to 139 for PNR status. Call 139 for seat availability and general enquiry. erail.in is for information only, not for booking."
eRail.in,Privacy Policy,eRail.in Privacy and Data Policy,"eRail.in is a third-party information portal and does not handle any ticket booking or payment. It collects minimal user data for analytics. No personal railway booking information is stored. The platform provides train enquiry, PNR status check, and schedule information sourced from Indian Railways public data. Not affiliated with Indian Railways or IRCTC officially."
Station Amenities,Airport Transfer,Airport Transfer Services at Railway Stations,"Many major railway stations offer pre-paid taxi and cab services for airport transfers. Services include Ola, Uber, and state transport bus connections. Some stations like New Delhi, Mumbai CST, and Chennai Central have dedicated airport shuttle counters. Pre-booking through apps is recommended. Auto-rickshaw and metro connectivity is also available at major stations for airport access."
Foreign Tourist Rules,Festivals,Indian Railway Festival Special Trains,"Indian Railways runs special festival trains during peak seasons including Diwali, Holi, Chhath Puja, Christmas, and summer holidays. These are temporary additional services to handle extra passenger load. Booking opens closer to the festival dates. Suvidha trains with dynamic pricing are commonly deployed during festivals. Foreign tourists can plan visits during major Indian festivals like Republic Day (Jan 26), Independence Day (Aug 15), Diwali, Holi, and Durga Puja for unique cultural experiences."
Foreign Tourist Rules,Airport Transfer for Tourists,Airport to Railway Station Transfer Guide for Tourists,"Foreign tourists arriving at Indian airports can reach railway stations via: Pre-paid taxi counters inside airport terminals, metro rail (available in Delhi, Mumbai, Bangalore, Chennai, Kolkata, Hyderabad), app-based cabs (Ola/Uber), and airport shuttle buses. New Delhi Railway Station is connected to the Airport Express Metro Line. Mumbai CST is accessible via local trains from the airport area. Pre-booking transport is recommended for first-time visitors."
